,God Name,Title,Pantheon,Type,Class,Pros,Difficulty,Release Date,Favor,Gems,Voicelines,Voice Actor,Health,Health PL,Mana,Mana PL,Speed,Speed PL,Range,Range PL,Attack Speed,Attack Speed PL,Basic Attack Damage,Basic Attack Damage PL,Basic Attack Scaling,Basic Attack Progression,Pysical Prot,Pysical Prot PL,Magical Prot,Magical Prot PL,HP5,HP5 PL,MP5,MP5 PL,Health 1,Health 3,Health 5,Health 10,Health 20,Mana 1,Mana 3,Mana 5,Mana 10,Mana 20,Pysical Prot 1,Pysical Prot 3,Pysical Prot 5,Pysical Prot 10,Pysical Prot 20,Magical Prot 1,Magical Prot 3,Magical Prot 5,Magical Prot 10,Magical Prot 20,MP5 1,MP5 3,MP5 5,MP5 10,MP5 20,HP5 1,HP5 3,HP5 5,HP5 10,HP5 20,Basic Attack Damage 1,Basic Attack Damage 3,Basic Attack Damage 5,Basic Attack Damage 10,Basic Attack Damage 20,Attack Speed 1,Attack Speed 3,Attack Speed 5,Attack Speed 10,Attack Speed 20
1,Achilles,Hero of the Trojan War, Greek,"Melee,Physical", Warrior,"High Single Target Damage, High Mobility",Average,"February 27, 2018","5,500",200,Achilles voicelines,Ricco Fajardo,475,85,205,35,370,0,16,0,0.95,1.25%,38,2, 100% of Physical Power,None,17,3,30,0.9,9,0.75,4.7,0.39,560,730,900,1325,2175,240,310,380,555,905,20,26,32,47,77,30.9,32.7,34.5,39,48,5.09,5.87,6.65,8.6,12.5,9.75,11.25,12.75,16.5,24,40,44,48,58,78,0.961875,0.985625,1.009375,1.06875,1.1875
2,Agni,God of Fire, Hindu,"Ranged,Magical", Mage,High Area Damage,Hard,"May 31, 2012","1,250",200,Agni voicelines,Scott Freeman,360,71,255,45,355,0,55,0,1,1.20%,34,1.5, 20% of Magical Power,None,11,2.6,30,0.9,7,0.47,4.7,0.37,431,573,715,1070,1780,300,390,480,705,1155,13.6,18.8,24,37,63,30.9,32.7,34.5,39,48,5.07,5.81,6.55,8.4,12.1,7.47,8.41,9.35,11.7,16.4,35.5,38.5,41.5,49,64,1.012,1.036,1.06,1.12,1.24
3,Ah_Muzen_Cab,God of Bees, Mayan,"Ranged,Physical", Hunter,"High Movement Speed, High Attack Speed",Average,"November 7, 2013","5,500",200,Ah Muzen Cab voicelines,Jason Liebrecht,450,73,230,40,365,0,55,0,0.95,1.70%,38,2.2, 100% of Physical Power,None,12,3,30,0.9,7,0.71,4.4,0.38,523,669,815,1180,1910,270,350,430,630,1030,15,21,27,42,72,30.9,32.7,34.5,39,48,4.78,5.54,6.3,8.2,12,7.71,9.13,10.55,14.1,21.2,40.2,44.6,49,60,82,0.96615,0.99845,1.03075,1.1115,1.273
4,Ah_Puch,Horrific God of Decay, Mayan,"Ranged,Magical", Mage,High Area Damage,Average,"April 28, 2015","5,500",200,Ah Puch voicelines,Bruce Carey,400,75,265,55,365,0,55,0,0.86,0.95%,35,1.5, 20% of Magical Power,None,9,2.7,30,0.9,6,0.45,4.9,0.42,475,625,775,1150,1900,320,430,540,815,1365,11.7,17.1,22.5,36,63,30.9,32.7,34.5,39,48,5.32,6.16,7,9.1,13.3,6.45,7.35,8.25,10.5,15,36.5,39.5,42.5,50,65,0.86817,0.88451,0.90085,0.9417,1.0234
5,Amaterasu,The Shining Light, Japanese,"Melee,Physical", Warrior,"High Mobility, High Area Damage",Average,"January 12, 2016","5,500",200,Amaterasu voicelines,Cristina Valenzuela,480,85,220,35,375,0,12,0,1,1.20%,39,2, 100% of Physical Power,1/.5/1 damage and swing time,18,3,30,0.9,8,0.8,4.8,0.4,565,735,905,1330,2180,255,325,395,570,920,21,27,33,48,78,30.9,32.7,34.5,39,48,5.2,6,6.8,8.8,12.8,8.8,10.4,12,16,24,41,45,49,59,79,1.012,1.036,1.06,1.12,1.24
6,Anhur,Slayer of Enemies, Egyptian,"Ranged,Physical", Hunter,High Single Target Damage,Average,"August 3, 2012","5,500",200,Anhur voicelines,Christopher Sabat,460,78,220,35,365,0,55,0,0.9,1.70%,40,2.5, 100% of Physical Power,None,11,2.8,30,0.9,8,0.69,4.5,0.32,538,694,850,1240,2020,255,325,395,570,920,13.8,19.4,25,39,67,30.9,32.7,34.5,39,48,4.82,5.46,6.1,7.7,10.9,8.69,10.07,11.45,14.9,21.8,42.5,47.5,52.5,65,90,0.9153,0.9459,0.9765,1.053,1.206
7,Anubis,God of the Dead, Egyptian,"Ranged,Magical", Mage,High Area Damage,Easy,"May 31, 2012","5,500",200,Anubis voicelines,R. Bruce Elliott,380,70,280,58,360,0,55,0,0.86,0.99%,35,1.5, 20% of Magical Power,None,10,2.5,30,0.9,7,0.45,4.8,0.36,450,590,730,1080,1780,338,454,570,860,1440,12.5,17.5,22.5,35,60,30.9,32.7,34.5,39,48,5.16,5.88,6.6,8.4,12,7.45,8.35,9.25,11.5,16,36.5,39.5,42.5,50,65,0.868514,0.885542,0.90257,0.94514,1.03028
8,Ao_Kuang,Dragon King of theEastern Seas, Chinese,"Melee,Magical", Mage,High Single Target Damage,Hard,"November 19, 2014","5,500",200,Ao Kuang voicelines,Kaiji Tang,400,82,240,38,375,0,12,0,1,1.95%,35,2.4, 20% of Magical Power,1/0.5/0.5/1x Damage and Speed,12,3,30,0.9,10,0.7,4.8,0.41,482,646,810,1220,2040,278,354,430,620,1000,15,21,27,42,72,30.9,32.7,34.5,39,48,5.21,6.03,6.85,8.9,13,10.7,12.1,13.5,17,24,37.4,42.2,47,59,83,1.0195,1.0585,1.0975,1.195,1.39
9,Aphrodite,Goddess of Beauty, Greek,"Ranged,Magical", Mage,High Sustain,Hard,"March 13, 2013","5,500",200,Aphrodite voicelines,Martha Harms,380,68,240,43,355,0,55,0,0.87,0.95%,32,1.45, 20% of Magical Power,None,9,2.7,30,0.9,6,0.45,4.8,0.41,448,584,720,1060,1740,283,369,455,670,1100,11.7,17.1,22.5,36,63,30.9,32.7,34.5,39,48,5.21,6.03,6.85,8.9,13,6.45,7.35,8.25,10.5,15,33.45,36.35,39.25,46.5,61,0.878265,0.894795,0.911325,0.95265,1.0353
10,Apollo,God of Music, Greek,"Ranged,Physical", Hunter,High Mobility,Easy,"March 28, 2013","5,500",200,Apollo voicelines,Phil Parsons,450,77,225,40,365,0,55,0,0.95,1.70%,40,2.6, 100% of Physical Power,None,12,2.7,30,0.9,8,0.69,4.6,0.4,527,681,835,1220,1990,265,345,425,625,1025,14.7,20.1,25.5,39,66,30.9,32.7,34.5,39,48,5,5.8,6.6,8.6,12.6,8.69,10.07,11.45,14.9,21.8,42.6,47.8,53,66,92,0.96615,0.99845,1.03075,1.1115,1.273
11,Arachne,The Weaver, Greek,"Melee,Physical", Assassin,"High Single Target Damage, Great Jungler",Average,"May 31, 2012","5,500",200,Arachne voicelines,Colleen Clinkenbeard,445,79,210,41,375,0,12,0,1,2%,38,2.2, 100% of Physical Power,.5/1/1x damage and swing time,13,3,30,0.9,9,0.67,4.8,0.46,524,682,840,1235,2025,251,333,415,620,1030,16,22,28,43,73,30.9,32.7,34.5,39,48,5.26,6.18,7.1,9.4,14,9.67,11.01,12.35,15.7,22.4,40.2,44.6,49,60,82,1.02,1.06,1.1,1.2,1.4
12,Ares,God of War, Greek,"Melee,Magical", Guardian,"High Crowd Control, High Defense",Easy,"October 4, 2012",(Free) 0 ,(Free) 0 ,Ares voicelines,Jason Douglas,485,90,200,37,365,0,12,0,0.9,1.25%,38,1.55, 20% of Magical Power,1/.75/1/1.25x damage and swing time,20,3,30,0.9,8,0.67,4.6,0.42,575,755,935,1385,2285,237,311,385,570,940,23,29,35,50,80,30.9,32.7,34.5,39,48,5.02,5.86,6.7,8.8,13,8.67,10.01,11.35,14.7,21.4,39.55,42.65,45.75,53.5,69,0.91125,0.93375,0.95625,1.0125,1.125
13,Artemis,Goddess of the Hunt, Greek,"Ranged,Physical", Hunter,High Single Target Damage,Average,"May 31, 2012",(Free) 0 ,(Free) 0 ,Artemis voicelines,Brina Palencia,450,75,205,34,365,0,55,0,0.95,1.70%,35,2.5, 100% of Physical Power,None,12,3,30,0.9,8,0.68,4.4,0.25,525,675,825,1200,1950,239,307,375,545,885,15,21,27,42,72,30.9,32.7,34.5,39,48,4.65,5.15,5.65,6.9,9.4,8.68,10.04,11.4,14.8,21.6,37.5,42.5,47.5,60,85,0.96615,0.99845,1.03075,1.1115,1.273
14,Artio,The Bear Goddess, Celtic,"Melee,Magical", Guardian,"High Crowd Control, High Sustain",Average,"August 1, 2017","5,500",200,Artio voicelines,Hetty Abbott,500,95,210,39,365,0,12,0,1,1.20%,38,1.8, 20% of Magical Power,1x damage and swing time,20,3.2,30,0.9,8,0.9,4.6,0.43,595,785,975,1450,2400,249,327,405,600,990,23.2,29.6,36,52,84,30.9,32.7,34.5,39,48,5.03,5.89,6.75,8.9,13.2,8.9,10.7,12.5,17,26,39.8,43.4,47,56,74,1.012,1.036,1.06,1.12,1.24
15,Athena,Goddess of Wisdom, Greek,"Melee,Magical", Guardian,"High Crowd Control, High Defense",Easy,"June 5, 2013","5,500",200,Athena voicelines,Kara Edwards,500,100,190,34,365,0,12,0,1,1.20%,35,1.5, 20% of Magical Power,1/1/2x damage and swing time,20,3.2,30,0.9,8,0.9,4.6,0.42,600,800,1000,1500,2500,224,292,360,530,870,23.2,29.6,36,52,84,30.9,32.7,34.5,39,48,5.02,5.86,6.7,8.8,13,8.9,10.7,12.5,17,26,36.5,39.5,42.5,50,65,1.012,1.036,1.06,1.12,1.24
16,Awilix,Goddess of the Moon, Mayan,"Melee,Physical", Assassin,"High Single Target Damage, High Mobility",Hard,"December 17, 2014","5,500",200,Awilix voicelines,Bryn Apprill,475,77,240,38,370,0,16,0,1,1.89%,38,2.16, 100% of Physical Power,1/0.75/1.25x damage. Range of 16,13,3,30,0.9,10,0.68,3.9,0.46,552,706,860,1245,2015,278,354,430,620,1000,16,22,28,43,73,30.9,32.7,34.5,39,48,4.36,5.28,6.2,8.5,13.1,10.68,12.04,13.4,16.8,23.6,40.16,44.48,48.8,59.6,81.2,1.0189,1.0567,1.0945,1.189,1.378
17,Baba_Yaga,Witch of the Woods, Slavic,"Ranged,Magical", Mage,,Average,"April 21, 2020","5,500",200,Baba Yaga voicelines,Jenn Wong,400,73,280,50,365,0,55,0,0.95,1%,35,1.5, 20% of Magical Power,None,11,2.7,30,0.9,8,0.5,5,0.6,473,619,765,1130,1860,330,430,530,780,1280,13.7,19.1,24.5,38,65,30.9,32.7,34.5,39,48,5.6,6.8,8,11,17,8.5,9.5,10.5,13,18,36.5,39.5,42.5,50,65,0.9595,0.9785,0.9975,1.045,1.14
18,Bacchus,God of Wine, Roman,"Melee,Magical", Guardian,"High Crowd Control, High Defense",Average,"November 19, 2012","5,500",200,Bacchus voicelines,Chris Rager,495,86,200,40,365,0,12,0,0.88,1%,37,1.5, 20% of Magical Power,None,19,3,30,0.9,8,0.8,4.8,0.4,581,753,925,1355,2215,240,320,400,600,1000,22,28,34,49,79,30.9,32.7,34.5,39,48,5.2,6,6.8,8.8,12.8,8.8,10.4,12,16,24,38.5,41.5,44.5,52,67,0.8888,0.9064,0.924,0.968,1.056
19,Bakasura,The Great Devourer, Hindu,"Melee,Physical", Assassin,High Single Target Damage,Easy,"July 20, 2012","5,500",200,Bakasura voicelines,Brad M. Jackson,455,78,200,39,370,0,12,0,1,1.60%,38,2.2, 100% of Physical Power,None,13,2.8,30,0.9,9,0.68,4.8,0.46,533,689,845,1235,2015,239,317,395,590,980,15.8,21.4,27,41,69,30.9,32.7,34.5,39,48,5.26,6.18,7.1,9.4,14,9.68,11.04,12.4,15.8,22.6,40.2,44.6,49,60,82,1.016,1.048,1.08,1.16,1.32
20,Baron_Samedi,God of Life and Death, Voodoo,"Ranged,Magical", Mage,"High Crowd Control, High Sustain, Medium Area Damage",Hard,"June 26, 2018","5,500",200,Baron Samedi voicelines,Edward Bosco,380,80,300,44,360,0,55,0,0.9,0.80%,34,1.5, 20% of Magical Power,None,18,2.6,30,0.9,7,0.6,5,0.45,460,620,780,1180,1980,344,432,520,740,1180,20.6,25.8,31,44,70,30.9,32.7,34.5,39,48,5.45,6.35,7.25,9.5,14,7.6,8.8,10,13,19,35.5,38.5,41.5,49,64,0.9072,0.9216,0.936,0.972,1.044
21,Bastet,Goddess of Cats, Egyptian,"Melee,Physical", Assassin,High Single Target Damage,Easy,"May 31, 2012","5,500",200,Bastet voicelines,Leah Clark,415,80,230,39,375,0,12,0,1,1.98%,37,2.21, 100% of Physical Power,1/.7/1.3x damage,12,2.9,30,0.9,9,0.72,4.4,0.25,495,655,815,1215,2015,269,347,425,620,1010,14.9,20.7,26.5,41,70,30.9,32.7,34.5,39,48,4.65,5.15,5.65,6.9,9.4,9.72,11.16,12.6,16.2,23.4,39.21,43.63,48.05,59.1,81.2,1.0198,1.0594,1.099,1.198,1.396
22,Bellona,Goddess of War, Roman,"Melee,Physical", Warrior,High Defense,Average,"February 25, 2015",(Free) 0 ,(Free) 0 ,Bellona voicelines,Laura Post,490,88,220,35,375,0,12,0,1,1.20%,36,2, 100% of Physical Power,pecial (1/.5/1.5x damage and swing time,18,3,30,0.9,8,0.8,4.8,0.4,578,754,930,1370,2250,255,325,395,570,920,21,27,33,48,78,30.9,32.7,34.5,39,48,5.2,6,6.8,8.8,12.8,8.8,10.4,12,16,24,38,42,46,56,76,1.012,1.036,1.06,1.12,1.24
23,Cabrakan,Destroyer of Mountains, Mayan,"Melee,Magical", Guardian,"High Crowd Control, High Defense",Average,"August 19, 2014","5,500",200,Cabrakan voicelines,Tyson Rinehart,490,90,200,38,365,0,12,0,0.9,1.20%,38,1.5, 20%% of Magical Power,None,20,3.3,30,0.9,8,0.75,4.6,0.42,580,760,940,1390,2290,238,314,390,580,960,23.3,29.9,36.5,53,86,30.9,32.7,34.5,39,48,5.02,5.86,6.7,8.8,13,8.75,10.25,11.75,15.5,23,39.5,42.5,45.5,53,68,0.9108,0.9324,0.954,1.008,1.116
24,Camazotz,Deadly God of Bats, Mayan,"Melee,Physical", Assassin,"High Sustain, Great Jungler",Average,"October 11, 2016","5,500",200,Camazotz voicelines,Ricco Fajardo,440,78,240,35,375,0,12,0,1,2%,39,2.3, 100% of Physical Power,1/1/1x damage and swing time; 3rd attack hits all enemies in the melee area,11,3,30,0.9,8,0.67,4.4,0.3,518,674,830,1220,2000,275,345,415,590,940,14,20,26,41,71,30.9,32.7,34.5,39,48,4.7,5.3,5.9,7.4,10.4,8.67,10.01,11.35,14.7,21.4,41.3,45.9,50.5,62,85,1.02,1.06,1.1,1.2,1.4
25,Cerberus,Warden of the Underworld, Greek,"Melee,Magical", Guardian,"Medium Crowd Control, Medium Area Damage",Easy,"January 9, 2018","5,500",200,Cerberus voicelines,,490,95,200,35,360,0,12,0,1,1%,38,1.5, 20% of Magical Power,1/.8/.8x damage and swing time,19,3,30,0.9,7,0.75,4.6,0.4,585,775,965,1440,2390,235,305,375,550,900,22,28,34,49,79,30.9,32.7,34.5,39,48,5,5.8,6.6,8.6,12.6,7.75,9.25,10.75,14.5,22,39.5,42.5,45.5,53,68,1.01,1.03,1.05,1.1,1.2
26,Cernunnos,The Horned God, Celtic,"Ranged,Physical", Hunter,"High Crowd Control, High Area Damage",Average,"March 14, 2017","5,500",200,Cernunnos voicelines,Mick Lauer,480,80,220,37,365,0,55,0,1,1.40%,37,2.5, 100% of Physical Power,None,13,2.9,30,0.9,8,0.69,4.5,0.32,560,720,880,1280,2080,257,331,405,590,960,15.9,21.7,27.5,42,71,30.9,32.7,34.5,39,48,4.82,5.46,6.1,7.7,10.9,8.69,10.07,11.45,14.9,21.8,39.5,44.5,49.5,62,87,1.014,1.042,1.07,1.14,1.28
27,Chaac,God of Rain, Mayan,"Melee,Physical", Warrior,High Sustain,Average,"December 18, 2013","5,500",200,Chaac voicelines,Patrick Seitz,490,88,205,35,375,0,12,0,1,1%,39,2.1, 100% of Physical Power,1/.5/1.5x damage,18,3,30,0.9,7,0.8,4.7,0.39,578,754,930,1370,2250,240,310,380,555,905,21,27,33,48,78,30.9,32.7,34.5,39,48,5.09,5.87,6.65,8.6,12.5,7.8,9.4,11,15,23,41.1,45.3,49.5,60,81,1.01,1.03,1.05,1.1,1.2
28,Chang%27e,Faerie of the Moon, Chinese,"Ranged,Magical", Mage,"High Sustain, High Mobility",Average,"July 24, 2013","5,500",200,Chang'e voicelines,Chang'e: Trina NishimuraJade Rabbit: Ric Spiegel,410,80,310,48,355,0,55,0,1,0.95%,32,1.45, 20% of Magical Power,None,11,2.7,30,0.9,6,0.45,5.5,0.44,490,650,810,1210,2010,358,454,550,790,1270,13.7,19.1,24.5,38,65,30.9,32.7,34.5,39,48,5.94,6.82,7.7,9.9,14.3,6.45,7.35,8.25,10.5,15,33.45,36.35,39.25,46.5,61,1.0095,1.0285,1.0475,1.095,1.19
29,Chernobog,Lord of Darkness, Slavic,"Ranged,Physical", Hunter,"High Single Target Damage, High Attack Speed",Hard,"May 15, 2018","5,500",200,Chernobog voicelines,Doug Cockle,450,80,220,38,365,0,55,0,0.95,1.70%,36,2.6, 100% of Physical Power,None,11,3,30,0.9,8,0.67,4.4,0.35,530,690,850,1250,2050,258,334,410,600,980,14,20,26,41,71,30.9,32.7,34.5,39,48,4.75,5.45,6.15,7.9,11.4,8.67,10.01,11.35,14.7,21.4,38.6,43.8,49,62,88,0.96615,0.99845,1.03075,1.1115,1.273
30,Chiron,The Great Teacher, Greek,"Ranged,Physical", Hunter,"High Sustain, High Movement Speed",Easy,"November 17, 2015","5,500",200,Chiron voicelines,Phil Parsons,460,75,225,40,380,0,55,0,1,1.40%,35,2.35, 100% of Physical Power,None,12,2.8,30,0.9,6,0.65,4.4,0.38,535,685,835,1210,1960,265,345,425,625,1025,14.8,20.4,26,40,68,30.9,32.7,34.5,39,48,4.78,5.54,6.3,8.2,12,6.65,7.95,9.25,12.5,19,37.35,42.05,46.75,58.5,82,1.014,1.042,1.07,1.14,1.28
31,Chronos,Keeper of Time, Greek,"Ranged,Magical", Mage,"Medium Crowd Control, High Mobility",Hard,"July 10, 2013","5,500",200,Chronos voicelines,Stan Robak,400,75,240,42,360,0,55,0,1,0.80%,40,1.5, 20% of Magical Power,None,11,2.9,30,0.9,7,0.48,4.4,0.44,475,625,775,1150,1900,282,366,450,660,1080,13.9,19.7,25.5,40,69,30.9,32.7,34.5,39,48,4.84,5.72,6.6,8.8,13.2,7.48,8.44,9.4,11.8,16.6,41.5,44.5,47.5,55,70,1.008,1.024,1.04,1.08,1.16
32,Cthulhu,The Great Dreamer, Great Old Ones,"Melee,Magical", Guardian,High Area Damage,Average,"June 16, 2020","5,500",200,Cthulhu voicelines,Adin Rudd,500,95,210,38,370,0,16,0,0.9,1.20%,38,1.5, 20% of Magical Power,1/1/1x damage and swing time. Range of 16/20/20+AoE,21,3.2,30,0.9,8,0.8,4.6,0.42,595,785,975,1450,2400,248,324,400,590,970,24.2,30.6,37,53,85,30.9,32.7,34.5,39,48,5.02,5.86,6.7,8.8,13,8.8,10.4,12,16,24,39.5,42.5,45.5,53,68,0.9108,0.9324,0.954,1.008,1.116
33,Cu_Chulainn,The Hound of Ulster, Celtic,"Melee,Physical", Warrior,"High Crowd Control, High Area Damage",Average,"June 20, 2017","5,500",200,Cu Chulainn voicelines,Jared J. Lee,480,85,100,0,370,0,16,0,1,1.25%,39,2, 100% of Physical Power,0.7/0.7/1/ damage and speed; Range of 16,17,3,30,0.9,7,0.75,0,0,565,735,905,1330,2180,100,100,100,100,100,20,26,32,47,77,30.9,32.7,34.5,39,48,0,0,0,0,0,7.75,9.25,10.75,14.5,22,41,45,49,59,79,1.0125,1.0375,1.0625,1.125,1.25
34,Cupid,God of Love, Roman,"Ranged,Physical", Hunter,"High Single Target Damage, High Sustain",Easy,"August 17, 2012","1,500",200,Cupid voicelines,Brina Palencia,445,72,230,39,365,0,55,0,0.95,1.80%,35,2.3, 100% of Physical Power,None,11,3,30,0.9,8,0.67,4.6,0.35,517,661,805,1165,1885,269,347,425,620,1010,14,20,26,41,71,30.9,32.7,34.5,39,48,4.95,5.65,6.35,8.1,11.6,8.67,10.01,11.35,14.7,21.4,37.3,41.9,46.5,58,81,0.9671,1.0013,1.0355,1.121,1.292
35,Da_Ji,The Nine-Tailed Fox, Chinese,"Melee,Physical", Assassin,High Single Target Damage,Average,"May 24, 2017","5,500",200,Da Ji voicelines,Mallorie Rodak,440,76,210,40,375,0,12,0,1,2%,39,2.25, 100% of Physical Power,1/1/1x damage and swing time,14,3,30,0.9,9,0.7,4.6,0.37,516,668,820,1200,1960,250,330,410,610,1010,17,23,29,44,74,30.9,32.7,34.5,39,48,4.97,5.71,6.45,8.3,12,9.7,11.1,12.5,16,23,41.25,45.75,50.25,61.5,84,1.02,1.06,1.1,1.2,1.4
36,Discordia,Goddess of Strife, Roman,"Ranged,Magical", Mage,High Area Damage,Average,"November 6, 2017","5,500",200,Discordia voicelines,Cristina Valenzuela,370,68,280,51,360,0,55,0,0.9,1%,34,1.5, 20% of Magical Power,None,9,2.7,30,0.9,7,0.45,5,0.43,438,574,710,1050,1730,331,433,535,790,1300,11.7,17.1,22.5,36,63,30.9,32.7,34.5,39,48,5.43,6.29,7.15,9.3,13.6,7.45,8.35,9.25,11.5,16,35.5,38.5,41.5,49,64,0.909,0.927,0.945,0.99,1.08
37,Erlang_Shen,The Illustrious Sage, Chinese,"Melee,Physical", Warrior,"High Single Target Damage, High Attack Speed",Average,"July 6, 2016","5,500",200,Erlang Shen voicelines,Brandon Mcinnis,485,85,220,35,375,0,12,0,1,1%,39,2, 100% of Physical Power,.75/.75/.75/1.1/.9x damage and swing time; 4th attack hits all enemies in an AoE,17,3,30,0.9,8,0.6,4.7,0.3,570,740,910,1335,2185,255,325,395,570,920,20,26,32,47,77,30.9,32.7,34.5,39,48,5,5.6,6.2,7.7,10.7,8.6,9.8,11,14,20,41,45,49,59,79,1.01,1.03,1.05,1.1,1.2
38,Fafnir,Lord of Glittering Gold, Norse,"Melee,Magical", Guardian,"High Defense, High Mobility",Average,"June 7, 2016","5,500",200,Fafnir voicelines,Ari Ross,495,90,200,40,365,0,12,0,0.9,1.20%,37,1.55, 20% of Magical Power,1/1/1/1x damage and swing time,21,3.4,30,0.9,7,0.54,4.5,0.45,585,765,945,1395,2295,240,320,400,600,1000,24.4,31.2,38,55,89,30.9,32.7,34.5,39,48,4.95,5.85,6.75,9,13.5,7.54,8.62,9.7,12.4,17.8,38.55,41.65,44.75,52.5,68,0.9108,0.9324,0.954,1.008,1.116
39,Fenrir,The Unbound, Norse,"Melee,Physical", Assassin,"High Single Target Damage, High Mobility",Average,"May 1, 2013","5,500",200,Fenrir voicelines,Christopher Sabat,455,78,230,35,370,0,12,0,1,1.70%,38,2.3, 100% of Physical Power,None,14,3,30,0.9,8,0.73,4.2,0.26,533,689,845,1235,2015,265,335,405,580,930,17,23,29,44,74,30.9,32.7,34.5,39,48,4.46,4.98,5.5,6.8,9.4,8.73,10.19,11.65,15.3,22.6,40.3,44.9,49.5,61,84,1.017,1.051,1.085,1.17,1.34
40,Freya,Queen of the Valkyries, Norse,"Melee,Magical", Mage,"Medium Crowd Control, High Area Damage",Average,"October 18, 2012","5,500",200,Freya voicelines,Jamie Marchi,405,80,220,37,370,0,12,0,0.95,1.95%,35,1.5, 20% of Magical Power,None,14,2.8,30,0.9,7,0.52,4.5,0.39,485,645,805,1205,2005,257,331,405,590,960,16.8,22.4,28,42,70,30.9,32.7,34.5,39,48,4.89,5.67,6.45,8.4,12.3,7.52,8.56,9.6,12.2,17.4,36.5,39.5,42.5,50,65,0.968525,1.005575,1.042625,1.13525,1.3205
41,Ganesha,God of Success, Hindu,"Melee,Magical", Guardian,"High Crowd Control, High Defense",Average,"April 25, 2017","5,500",200,Ganesha voicelines,Reagan Murdock,495,95,200,40,360,0,12,0,1,1.20%,38,1.55, 20% of Magical Power,1.05/.8/.8/1.5/.95x damage and swing time,20,3.2,30,0.9,6,0.67,4.6,0.42,590,780,970,1445,2395,240,320,400,600,1000,23.2,29.6,36,52,84,30.9,32.7,34.5,39,48,5.02,5.86,6.7,8.8,13,6.67,8.01,9.35,12.7,19.4,39.55,42.65,45.75,53.5,69,1.012,1.036,1.06,1.12,1.24
42,Geb,God of Earth, Egyptian,"Melee,Magical", Guardian,"High Crowd Control, High Defense",Average,"January 16, 2014","5,500",200,Geb voicelines,Christopher Sabat,510,90,190,34,360,0,12,0,1,1.20%,38,1.5, 20% of Magical Power,1/1/1/1x damage,19,3,30,0.9,8,0.8,4.6,0.4,600,780,960,1410,2310,224,292,360,530,870,22,28,34,49,79,30.9,32.7,34.5,39,48,5,5.8,6.6,8.6,12.6,8.8,10.4,12,16,24,39.5,42.5,45.5,53,68,1.012,1.036,1.06,1.12,1.24
43,Guan_Yu,Saint of War, Chinese,"Melee,Physical", Warrior,"High Sustain, High Mobility",Average,"June 29, 2012",(Free) 0 ,(Free) 0 ,Guan Yu voicelines,Mark Stoddard,480,87,220,39,375,0,12,0,1,1.20%,37,2, 100% of Physical Power,1/1/1.3/1.75x damage and swing time,16,3,30,0.9,6,0.7,4.8,0.45,567,741,915,1350,2220,259,337,415,610,1000,19,25,31,46,76,30.9,32.7,34.5,39,48,5.25,6.15,7.05,9.3,13.8,6.7,8.1,9.5,13,20,39,43,47,57,77,1.012,1.036,1.06,1.12,1.24
44,Hachiman,Lord of the Eight Banners, Japanese,"Ranged,Physical", Hunter,"High Single Target Damage, High Mobility",Easy,"September 13, 2017","5,500",200,Hachiman voicelines,Patrick McAlister,455,77,230,36,365,0,55,0,1,1.30%,36,2.5, 100% of Physical Power,None,11,2.75,30,0.9,7,0.69,4.5,0.37,532,686,840,1225,1995,266,338,410,590,950,13.75,19.25,24.75,38.5,66,30.9,32.7,34.5,39,48,4.87,5.61,6.35,8.2,11.9,7.69,9.07,10.45,13.9,20.8,38.5,43.5,48.5,61,86,1.013,1.039,1.065,1.13,1.26
45,Hades,King of the Underworld, Greek,"Ranged,Magical", Mage,"High Defense, High Sustain",Easy,"May 31, 2012","2,000",200,Hades voicelines,Patrick Seitz,475,85,265,53,365,0,55,0,0.95,1.05%,32,1.5, 20% of Magical Power,None,18,2.6,30,0.9,5,0.54,5,0.36,560,730,900,1325,2175,318,424,530,795,1325,20.6,25.8,31,44,70,30.9,32.7,34.5,39,48,5.36,6.08,6.8,8.6,12.2,5.54,6.62,7.7,10.4,15.8,33.5,36.5,39.5,47,62,0.959975,0.979925,0.999875,1.04975,1.1495
46,He_Bo,God of the Yellow River, Chinese,"Ranged,Magical", Mage,"Medium Crowd Control, High Area Damage",Easy,"May 31, 2012","5,500",200,He Bo voicelines,Christopher Sabat,400,67,298,56,355,0,55,0,0.86,0.90%,34,1.45, 20% of Magical Power,None,9,2.6,30,0.9,6,0.45,4.9,0.4,467,601,735,1070,1740,354,466,578,858,1418,11.6,16.8,22,35,61,30.9,32.7,34.5,39,48,5.3,6.1,6.9,8.9,12.9,6.45,7.35,8.25,10.5,15,35.45,38.35,41.25,48.5,63,0.86774,0.88322,0.8987,0.9374,1.0148
47,Heimdallr,The Vigilant, Norse,"Ranged,Physical", Hunter,High Single Target Damage,Hard,"December 11, 2019","5,500",200,Heimdallr voicelines,Michael Schwalbe,480,80,230,34,365,0,56.5,0,0.96,1.50%,32,3, 100% of Physical Power,"1.25/1.25/1.5x damage and 1.3/1.3/1.5 swing time, hitting in a 7.5 AoE on first two hits",16,3,30,0.9,8,0.8,4.5,0.4,560,720,880,1280,2080,264,332,400,570,910,19,25,31,46,76,30.9,32.7,34.5,39,48,4.9,5.7,6.5,8.5,12.5,8.8,10.4,12,16,24,35,41,47,62,92,0.9744,1.0032,1.032,1.104,1.248
48,Hel,Goddess of the Underworld, Norse,"Ranged,Magical", Mage,"High Sustain, High Area Damage",Hard,"May 31, 2012","5,500",200,Hel voicelines,Monica Rial,410,67,300,57,355,0,55,0,0.86,0.90%,33,1.5, 20% of Magical Power,None,9,2.6,30,0.9,5,0.43,5,0.45,477,611,745,1080,1750,357,471,585,870,1440,11.6,16.8,22,35,61,30.9,32.7,34.5,39,48,5.45,6.35,7.25,9.5,14,5.43,6.29,7.15,9.3,13.6,34.5,37.5,40.5,48,63,0.86774,0.88322,0.8987,0.9374,1.0148
49,Hera,Queen of the Gods, Greek,"Ranged,Magical", Mage,"High Area Damage, High Crowd Control",Average,"October 15, 2018","5,500",200,Hera voicelines,Lydia Mackay,380,68,265,45,365,0,55,0,0.9,1%,34,1.45, 20% of Magical Power,None,9,2.7,30,0.9,6,0.45,4.8,0.41,448,584,720,1060,1740,310,400,490,715,1165,11.7,17.1,22.5,36,63,30.9,32.7,34.5,39,48,5.21,6.03,6.85,8.9,13,6.45,7.35,8.25,10.5,15,35.45,38.35,41.25,48.5,63,0.909,0.927,0.945,0.99,1.08
50,Hercules,Champion of Rome, Roman,"Melee,Physical", Warrior,"High Single Target Damage, High Sustain",Easy,"January 9, 2013","5,500",200,Hercules voicelines,J. Michael Tatum,490,89,205,32,375,0,12,0,1,0.80%,39,2, 100% of Physical Power,1/1/1.5x damage and swing time,18,3,30,0.9,7,0.63,4.3,0.4,579,757,935,1380,2270,237,301,365,525,845,21,27,33,48,78,30.9,32.7,34.5,39,48,4.7,5.5,6.3,8.3,12.3,7.63,8.89,10.15,13.3,19.6,41,45,49,59,79,1.008,1.024,1.04,1.08,1.16
51,Horus,The Rightful Heir, Egyptian,"Melee,Physical", Warrior,"High Defense, High Sustain",Average,"April 30, 2019","5,500",200,Horus voicelines,Gavin Hammon,485,84,230,37,370,0,12,0,1,1.20%,37,2.1, 100% of Physical Power,None,17,3,30,0.9,6,0.8,4.7,0.45,569,737,905,1325,2165,267,341,415,600,970,20,26,32,47,77,30.9,32.7,34.5,39,48,5.15,6.05,6.95,9.2,13.7,6.8,8.4,10,14,22,39.1,43.3,47.5,58,79,1.012,1.036,1.06,1.12,1.24
52,Hou_Yi,Defender of the Earth, Chinese,"Ranged,Physical", Hunter,"High Single Target Damage, High Area Damage",Hard,"January 14, 2015","5,500",200,Hou Yi voicelines,Austin Tindle,480,78,240,38,370,0,55,0,0.95,1.20%,40,2.8, 100% of Physical Power,None,13,2.8,30,0.9,8,0.68,5,0.35,558,714,870,1260,2040,278,354,430,620,1000,15.8,21.4,27,41,69,30.9,32.7,34.5,39,48,5.35,6.05,6.75,8.5,12,8.68,10.04,11.4,14.8,21.6,42.8,48.4,54,68,96,0.9614,0.9842,1.007,1.064,1.178
53,Hun_Batz,The Howler Monkey God, Mayan,"Melee,Physical", Assassin,High Single Target Damage,Easy,"May 31, 2012","5,500",200,Hun Batz voicelines,Brad M. Jackson,460,75,220,38,370,0,12,0,1,1.89%,38,2.16, 100% of Physical Power,1/.75/1.25x damage,13,3,30,0.9,10,0.68,3.9,0.27,535,685,835,1210,1960,258,334,410,600,980,16,22,28,43,73,30.9,32.7,34.5,39,48,4.17,4.71,5.25,6.6,9.3,10.68,12.04,13.4,16.8,23.6,40.16,44.48,48.8,59.6,81.2,1.0189,1.0567,1.0945,1.189,1.378
54,Isis,Goddess of Magic, Egyptian,"Ranged,Magical", Mage,"High Crowd Control, High Area Damage",Average,"May 15, 2013","5,500",200,Isis voicelines,Caitlin Glass,365,68,280,51,360,0,55,0,1,0%,35,1.5, 20% of Magical Power,"1/1/1.5x damage and swing time, hitting in a 6ft AoE on the final blow",9,2.7,30,0.9,6,0.45,4.8,0.43,433,569,705,1045,1725,331,433,535,790,1300,11.7,17.1,22.5,36,63,30.9,32.7,34.5,39,48,5.23,6.09,6.95,9.1,13.4,6.45,7.35,8.25,10.5,15,36.5,39.5,42.5,50,65,1,1,1,1,1
55,Izanami,Matron of the Dead, Japanese,"Ranged,Physical", Hunter,"Pusher, High Area Damage",Average,"August 30, 2016","5,500",200,Izanami voicelines,Lisa Ortiz,450,77,210,35,365,0,52,0,0.95,1.70%,36,2.4, 75% of Physical Power,None. Kamas return to Izanami after reaching Max Range.,11,2.9,30,0.9,6,0.7,4.4,0.38,527,681,835,1220,1990,245,315,385,560,910,13.9,19.7,25.5,40,69,30.9,32.7,34.5,39,48,4.78,5.54,6.3,8.2,12,6.7,8.1,9.5,13,20,38.4,43.2,48,60,84,0.96615,0.99845,1.03075,1.1115,1.273
56,Janus,God of Portals and Transitions, Roman,"Ranged,Magical", Mage,"High Mobility, High Area Damage",Average,"May 28, 2014","5,500",200,Janus voicelines,Sean Hennigan,400,70,350,58,360,0,55,0,1,0.80%,34,1.45, 20% of Magical Power,None,8,2.6,30,0.9,6,0.45,5,0.45,470,610,750,1100,1800,408,524,640,930,1510,10.6,15.8,21,34,60,30.9,32.7,34.5,39,48,5.45,6.35,7.25,9.5,14,6.45,7.35,8.25,10.5,15,35.45,38.35,41.25,48.5,63,1.008,1.024,1.04,1.08,1.16
57,Jing_Wei,The Oathkeeper, Chinese,"Ranged,Physical", Hunter,High Mobility,Easy,"April 12, 2016","5,500",200,Jing Wei voicelines,Alison Viktorin,445,78,205,36,370,0,55,0,1,1.40%,38,2.7, 100% of Physical Power,None,11,2.9,30,0.9,7,0.68,4.4,0.3,523,679,835,1225,2005,241,313,385,565,925,13.9,19.7,25.5,40,69,30.9,32.7,34.5,39,48,4.7,5.3,5.9,7.4,10.4,7.68,9.04,10.4,13.8,20.6,40.7,46.1,51.5,65,92,1.014,1.042,1.07,1.14,1.28
58,Jormungandr,The World Serpent, Norse,"Ranged,Magical", Guardian,High Area Damage,Average,"March 5, 2019","5,500",200,Jormungandr voicelines,Kellen Goff,495,100,190,40,365,0,35,0,1,1%,24,2.4, 8% of Magical Power,5 attacks per sec. decreasing while firing to a minimum of 2 per sec.,21,3.5,30,0.9,7,0.9,4.5,0.45,595,795,995,1495,2495,230,310,390,590,990,24.5,31.5,38.5,56,91,30.9,32.7,34.5,39,48,4.95,5.85,6.75,9,13.5,7.9,9.7,11.5,16,25,26.4,31.2,36,48,72,1.01,1.03,1.05,1.1,1.2
59,Kali,Goddess of Destruction, Hindu,"Melee,Physical", Assassin,"High Single Target Damage, High Sustain",Average,"May 31, 2012","5,500",200,Kali voicelines,Anastasia Munoz,470,74,205,34,375,0,12,0,1,2.16%,37,2.32, 100% of Physical Power,1/.5/.5x damage and swing time,15,2.9,30,0.9,9,0.68,4.3,0.21,544,692,840,1210,1950,239,307,375,545,885,17.9,23.7,29.5,44,73,30.9,32.7,34.5,39,48,4.51,4.93,5.35,6.4,8.5,9.68,11.04,12.4,15.8,22.6,39.32,43.96,48.6,60.2,83.4,1.0216,1.0648,1.108,1.216,1.432
60,Khepri,The Dawn Bringer, Egyptian,"Melee,Magical", Guardian,"High Crowd Control, High Defense",Average,"August 4, 2015","5,500",200,Khepri voicelines,Jeremy Schwartz,490,90,190,34,365,0,12,0,1,1.20%,38,1.5, 20% of Magical Power,1x/0.5x/1.5x damage and swing time,19,3,30,0.9,8,0.8,4.6,0.4,580,760,940,1390,2290,224,292,360,530,870,22,28,34,49,79,30.9,32.7,34.5,39,48,5,5.8,6.6,8.6,12.6,8.8,10.4,12,16,24,39.5,42.5,45.5,53,68,1.012,1.036,1.06,1.12,1.24
61,King_Arthur,Wielder of Excalibur, Arthurian,"Melee,Physical", Warrior,"High Crowd Control, High Area Damage",Average,"January 7, 2019","5,500",200,King Arthur voicelines,Xander Mobus,485,83,230,40,370,0,16,0,1,0%,39,2, 100% of Physical Power,"1x damage, .33x in AoE. Lunge when no target is in range.",17,3,30,0.9,9,0.8,4.4,0.4,568,734,900,1315,2145,270,350,430,630,1030,20,26,32,47,77,30.9,32.7,34.5,39,48,4.8,5.6,6.4,8.4,12.4,9.8,11.4,13,17,25,41,45,49,59,79,1,1,1,1,1
62,Kukulkan,Serpent of the Nine Winds, Mayan,"Ranged,Magical", Mage,"Pusher, High Area Damage",Easy,"May 31, 2012",(Free) 0 ,(Free) 0 ,Kukulkan voicelines,Clifford Chapin,380,75,265,45,360,0,55,0,0.87,0.91%,34,1.45, 20% of Magical Power,None,13,3,30,0.9,7,0.46,5,0.45,455,605,755,1130,1880,310,400,490,715,1165,16,22,28,43,73,30.9,32.7,34.5,39,48,5.45,6.35,7.25,9.5,14,7.46,8.38,9.3,11.6,16.2,35.45,38.35,41.25,48.5,63,0.877917,0.893751,0.909585,0.94917,1.02834
63,Kumbhakarna,The Sleeping Giant, Hindu,"Melee,Magical", Guardian,"High Crowd Control, High Defense",Easy,"April 16, 2014","5,500",200,Kumbhakarna voicelines,Jeremy Inman,490,100,200,34,365,0,12,0,1,1.20%,38,1.5, 20% of Magical Power,1/0.75/1.25 damage,18,3.2,30,0.9,8,0.75,4.6,0.42,590,790,990,1490,2490,234,302,370,540,880,21.2,27.6,34,50,82,30.9,32.7,34.5,39,48,5.02,5.86,6.7,8.8,13,8.75,10.25,11.75,15.5,23,39.5,42.5,45.5,53,68,1.012,1.036,1.06,1.12,1.24
64,Kuzenbo,King Kappa, Japanese,"Melee,Magical", Guardian,"High Crowd Control, High Defense",Easy,"February 14, 2017","5,500",200,Kuzenbo voicelines,Mike Pollock,500,100,200,34,365,0,12,0,1,1.20%,38,1.5, 20% of Magical Power,1/1/1 damage and swing time,18,3.2,30,0.9,8,0.85,4.6,0.42,600,800,1000,1500,2500,234,302,370,540,880,21.2,27.6,34,50,82,30.9,32.7,34.5,39,48,5.02,5.86,6.7,8.8,13,8.85,10.55,12.25,16.5,25,39.5,42.5,45.5,53,68,1.012,1.036,1.06,1.12,1.24
65,Loki,The Trickster God, Norse,"Melee,Physical", Assassin,High Single Target Damage,Easy,"November 2, 2012","5,500",200,Loki voicelines,Alex Ross,395,75,210,35,375,0,12,0,1,1.90%,38,2.4, 100% of Physical Power,0.75/.5/.5/.5/1.5x damage and 1/.5/.5/.5/1.5x swing time,11,2.9,30,0.9,8,0.7,4.2,0.35,470,620,770,1145,1895,245,315,385,560,910,13.9,19.7,25.5,40,69,30.9,32.7,34.5,39,48,4.55,5.25,5.95,7.7,11.2,8.7,10.1,11.5,15,22,40.4,45.2,50,62,86,1.019,1.057,1.095,1.19,1.38
66,Medusa,The Gorgon, Greek,"Ranged,Physical", Hunter,High Single Target Damage,Easy,"April 1, 2015","5,500",200,Medusa voicelines,Rachel Robinson,470,77,220,34,365,0,55,0,0.95,1.40%,38,2.6, 100% of Physical Power,None,12,3,30,0.9,8,0.68,4.4,0.25,547,701,855,1240,2010,254,322,390,560,900,15,21,27,42,72,30.9,32.7,34.5,39,48,4.65,5.15,5.65,6.9,9.4,8.68,10.04,11.4,14.8,21.6,40.6,45.8,51,64,90,0.9633,0.9899,1.0165,1.083,1.216
67,Mercury,Messenger of the Gods, Roman,"Melee,Physical", Assassin,"High Single Target Damage, High Mobility",Average,"October 2, 2013","5,500",200,Mercury voicelines,Joel McDonald,400,75,200,40,381,0,12,0,1,2.40%,38,2.13, 100% of Physical Power,1/.75/1.25x damage and swing time,12,2.9,30,0.9,10,0.7,4.4,0.35,475,625,775,1150,1900,240,320,400,600,1000,14.9,20.7,26.5,41,70,30.9,32.7,34.5,39,48,4.75,5.45,6.15,7.9,11.4,10.7,12.1,13.5,17,24,40.13,44.39,48.65,59.3,80.6,1.024,1.072,1.12,1.24,1.48
68,Merlin,The Master Wizard, Arthurian,"Ranged,Magical", Mage,High Area Damage,Hard,"February 11, 2019","5,500",200,Merlin voicelines,Adin Rudd,370,75,250,55,355,0,58,0,1,0.80%,34,1.5, 20% of Magical Power,None,10,3,30,0.9,6,0.48,4.8,0.44,445,595,745,1120,1870,305,415,525,800,1350,13,19,25,40,70,30.9,32.7,34.5,39,48,5.24,6.12,7,9.2,13.6,6.48,7.44,8.4,10.8,15.6,35.5,38.5,41.5,49,64,1.008,1.024,1.04,1.08,1.16
69,Mulan,The Ascendant Warrior, Chinese,"Melee,Physical", Warrior,High Area Damage,Average,"February 25, 2020","5,500",200,Mulan voicelines,Molly Zhang,480,82,220,38,375,0,12,0,1,1%,39,2.2, 100% of Physical Power,"1/1/1.25x damage and swing time, hitting in an AoE on the final blow",18,3,30,0.9,9,0.7,4.7,0.4,562,726,890,1300,2120,258,334,410,600,980,21,27,33,48,78,30.9,32.7,34.5,39,48,5.1,5.9,6.7,8.7,12.7,9.7,11.1,12.5,16,23,41.2,45.6,50,61,83,1.01,1.03,1.05,1.1,1.2
70,Ne_Zha,The Third Lotus Prince, Chinese,"Melee,Physical", Assassin,"High Single Target Damage, Medium Crowd Control",Average,"April 17, 2013","5,500",200,Ne Zha voicelines,Colleen Clinkenbeard,400,75,200,35,375,0,12,0,1,2.10%,39,2.2, 100% of Physical Power,"1/1/1.5/2x damage and swing time, hitting in an AoE on the final blow",12,2.9,30,0.9,10,0.71,3.9,0.27,475,625,775,1150,1900,235,305,375,550,900,14.9,20.7,26.5,41,70,30.9,32.7,34.5,39,48,4.17,4.71,5.25,6.6,9.3,10.71,12.13,13.55,17.1,24.2,41.2,45.6,50,61,83,1.021,1.063,1.105,1.21,1.42
71,Neith,Weaver of Fate, Egyptian,"Ranged,Physical", Hunter,"High Crowd Control, High Sustain",Easy,"February 13, 2013",(Free) 0 ,(Free) 0 ,Neith voicelines,Lindsay Seidel,435,75,230,39,365,0,55,0,1,1.60%,38,2.5, 100% of Physical Power,None,12,3,30,0.9,6,0.54,4.4,0.35,510,660,810,1185,1935,269,347,425,620,1010,15,21,27,42,72,30.9,32.7,34.5,39,48,4.75,5.45,6.15,7.9,11.4,6.54,7.62,8.7,11.4,16.8,40.5,45.5,50.5,63,88,1.016,1.048,1.08,1.16,1.32
72,Nemesis,Goddess of Vengeance, Greek,"Melee,Physical", Assassin,High Mobility,Average,"February 6, 2014",(Free) 0 ,(Free) 0 ,Nemesis voicelines,Amanda Doskocil,470,76,210,38,375,0,12,0,1,2.16%,39,2.25, 100% of Physical Power,1/1/.75/1.25x damage and swing time,11,3,30,0.9,8,0.7,4.3,0.4,546,698,850,1230,1990,248,324,400,590,970,14,20,26,41,71,30.9,32.7,34.5,39,48,4.7,5.5,6.3,8.3,12.3,8.7,10.1,11.5,15,22,41.25,45.75,50.25,61.5,84,1.0216,1.0648,1.108,1.216,1.432
73,Nike,Goddess of Victory, Greek,"Melee,Physical", Warrior,"High Defense, Medium Crowd Control",Easy,"December 6, 2016","5,500",200,Nike voicelines,Elizabeth Maxwell,480,83,220,38,375,0,12,0,1,1.20%,37,2, 100% of Physical Power,1/1/1.5x damage and swing time,15,3,30,0.9,10,0.8,4.6,0.39,563,729,895,1310,2140,258,334,410,600,980,18,24,30,45,75,30.9,32.7,34.5,39,48,4.99,5.77,6.55,8.5,12.4,10.8,12.4,14,18,26,39,43,47,57,77,1.012,1.036,1.06,1.12,1.24
74,Nox,Goddess of Night, Roman,"Ranged,Magical", Mage,High Crowd Control,Average,"October 29, 2014","5,500",200,Nox voicelines,Laura Post,365,75,250,38,360,0,55,0,1,0.80%,34,1.5, 20% of Magical Power,None,18,2.6,30,0.9,8,0.6,5,0.4,440,590,740,1115,1865,288,364,440,630,1010,20.6,25.8,31,44,70,30.9,32.7,34.5,39,48,5.4,6.2,7,9,13,8.6,9.8,11,14,20,35.5,38.5,41.5,49,64,1.008,1.024,1.04,1.08,1.16
75,Nu_Wa,Guardian of Heaven, Chinese,"Ranged,Magical", Mage,Pusher,Easy,"December 5, 2013","5,500",200,Nu Wa voicelines,Stephanie Young,400,75,265,43,355,0,55,0,1,1.70%,35,1.5, 20% of Magical Power,None,9,2.7,30,0.9,7,0.45,4.6,0.43,475,625,775,1150,1900,308,394,480,695,1125,11.7,17.1,22.5,36,63,30.9,32.7,34.5,39,48,5.03,5.89,6.75,8.9,13.2,7.45,8.35,9.25,11.5,16,36.5,39.5,42.5,50,65,1.017,1.051,1.085,1.17,1.34
76,Odin,The Allfather, Norse,"Melee,Physical", Warrior,"High Crowd Control, High Area Damage",Easy,"May 31, 2012","5,500",200,Odin voicelines,Bob Carter,470,83,200,35,370,0,12,0,1,1.10%,38,2, 100% of Physical Power,1/1/1/1.5x damage and swing time,16,3,30,0.9,9,0.63,4.1,0.4,553,719,885,1300,2130,235,305,375,550,900,19,25,31,46,76,30.9,32.7,34.5,39,48,4.5,5.3,6.1,8.1,12.1,9.63,10.89,12.15,15.3,21.6,40,44,48,58,78,1.011,1.033,1.055,1.11,1.22
77,Olorun,Ruler of the Heavens, Yoruba,"Ranged,Magical", Mage,High Attack Speed,Average,"June 25, 2019","5,500",200,Olorun voicelines,Bob Carter,450,75,240,58,370,0,55,0,1.05,1.50%,38,2.38, 25% of Magical Power,None,13,3,30,0.9,7,0.45,5,0.4,525,675,825,1200,1950,298,414,530,820,1400,16,22,28,43,73,30.9,32.7,34.5,39,48,5.4,6.2,7,9,13,7.45,8.35,9.25,11.5,16,40.38,45.14,49.9,61.8,85.6,1.06575,1.09725,1.12875,1.2075,1.365
78,Osiris,Broken God of the Afterlife, Egyptian,"Melee,Physical", Warrior,"High Defense, High Attack Speed",Hard,"May 6, 2014","5,500",200,Osiris voicelines,Mike McFarland,485,88,230,40,375,0,12,0,1,1.40%,39,2.25, 100% of Physical Power,0.5/1/0.5/1x damage. The last two attacks hit all enemies in the melee area.,17,3,30,0.9,6,0.8,4.7,0.39,573,749,925,1365,2245,270,350,430,630,1030,20,26,32,47,77,30.9,32.7,34.5,39,48,5.09,5.87,6.65,8.6,12.5,6.8,8.4,10,14,22,41.25,45.75,50.25,61.5,84,1.014,1.042,1.07,1.14,1.28
79,Pele,Goddess of Volcanoes, Polynesian,"Melee,Physical", Assassin,High Single Target Damage,Average,"August 6, 2018","5,500",200,Pele voicelines,Nicole Gose,460,77,240,40,375,0,12,0,1,2%,39,2.25, 100% of Physical Power,1/1/1x damage and swing time,12,2.9,30,0.9,9,0.7,4.3,0.4,537,691,845,1230,2000,280,360,440,640,1040,14.9,20.7,26.5,41,70,30.9,32.7,34.5,39,48,4.7,5.5,6.3,8.3,12.3,9.7,11.1,12.5,16,23,41.25,45.75,50.25,61.5,84,1.02,1.06,1.1,1.2,1.4
80,Persephone,Queen of the Underworld, Greek,"Ranged,Magical", Mage,,Hard,"August 20, 2019","5,500",200,Persephone voicelines,Allegra Clark,370,75,280,55,360,0,55,0,0.95,0.95%,34,1.7, 20% of Magical Power,7.5 AoE Harvest Activation,9,2.7,30,0.9,7,0.45,5,0.42,445,595,745,1120,1870,335,445,555,830,1380,11.7,17.1,22.5,36,63,30.9,32.7,34.5,39,48,5.42,6.26,7.1,9.2,13.4,7.45,8.35,9.25,11.5,16,35.7,39.1,42.5,51,68,0.959025,0.977075,0.995125,1.04025,1.1305
81,Poseidon,God of the Oceans, Greek,"Ranged,Magical", Mage,High Area Damage,Easy,"February 28, 2013","5,500",200,Poseidon voicelines,Richard Epcar,380,67,245,40,360,0,55,0,0.87,1.20%,35,1.5, 20% of Magical Power,None,8,2.6,30,0.9,6,0.5,4.6,0.4,447,581,715,1050,1720,285,365,445,645,1045,10.6,15.8,21,34,60,30.9,32.7,34.5,39,48,5,5.8,6.6,8.6,12.6,6.5,7.5,8.5,11,16,36.5,39.5,42.5,50,65,0.88044,0.90132,0.9222,0.9744,1.0788
82,Ra,Sun God, Egyptian,"Ranged,Magical", Mage,"High Sustain, Pusher",Average,"May 31, 2012",(Free) 0 ,(Free) 0 ,Ra voicelines,Chuck Huber,385,68,255,48,360,0,55,0,0.88,1%,34,1.5, 20% of Magical Power,None,10,3,30,0.9,7,0.48,4.8,0.44,453,589,725,1065,1745,303,399,495,735,1215,13,19,25,40,70,30.9,32.7,34.5,39,48,5.24,6.12,7,9.2,13.6,7.48,8.44,9.4,11.8,16.6,35.5,38.5,41.5,49,64,0.8888,0.9064,0.924,0.968,1.056
83,Raijin,Master of Thunder, Japanese,"Ranged,Magical", Mage,"Pusher, High Mobility",Average,"February 16, 2016","5,500",200,Raijin voicelines,Ray Hurd,385,80,255,43,355,0,55,0,0.87,0.90%,34,1.5, 20% of Magical Power,None,9,3.1,30,0.9,6,0.45,4.6,0.46,465,625,785,1185,1985,298,384,470,685,1115,12.1,18.3,24.5,40,71,30.9,32.7,34.5,39,48,5.06,5.98,6.9,9.2,13.8,6.45,7.35,8.25,10.5,15,35.5,38.5,41.5,49,64,0.87783,0.89349,0.90915,0.9483,1.0266
84,Rama,Seventh Avatar of Vishnu, Hindu,"Ranged,Physical", Hunter,"High Mobility, High Attack Speed",Average,"June 24, 2014","5,500",200,Rama voicelines,Nick Landis,460,76,205,34,370,0,55,0,0.95,1.70%,40,2.5, 100% of Physical Power,None,12,2.8,30,0.9,8,0.65,4.5,0.25,536,688,840,1220,1980,239,307,375,545,885,14.8,20.4,26,40,68,30.9,32.7,34.5,39,48,4.75,5.25,5.75,7,9.5,8.65,9.95,11.25,14.5,21,42.5,47.5,52.5,65,90,0.96615,0.99845,1.03075,1.1115,1.273
85,Ratatoskr,The Sly Messenger, Norse,"Melee,Physical", Assassin,"Great Jungler, High Mobility",Easy,"June 2, 2015","5,500",200,Ratatoskr voicelines,Holly Franklin,420,73,240,41,375,0,12,0,1,2%,39,2.25, 100% of Physical Power,"1/0.5/0.5/1.25x damage and swing time, hitting in an AoE on the final blow",12,3,30,0.9,9,0.7,4.6,0.46,493,639,785,1150,1880,281,363,445,650,1060,15,21,27,42,72,30.9,32.7,34.5,39,48,5.06,5.98,6.9,9.2,13.8,9.7,11.1,12.5,16,23,41.25,45.75,50.25,61.5,84,1.02,1.06,1.1,1.2,1.4
86,Ravana,Demon King of Lanka, Hindu,"Melee,Physical", Assassin,"High Single Target Damage, High Sustain",Average,"June 30, 2015","5,500",200,Ravana voicelines,Leo Fabian,400,75,230,35,370,0,12,0,1,1.70%,39,2.2, 100% of Physical Power,0.75/.5/1.25x damage,13,2.9,30,0.9,8,0.7,4.4,0.35,475,625,775,1150,1900,265,335,405,580,930,15.9,21.7,27.5,42,71,30.9,32.7,34.5,39,48,4.75,5.45,6.15,7.9,11.4,8.7,10.1,11.5,15,22,41.2,45.6,50,61,83,1.017,1.051,1.085,1.17,1.34
87,Scylla,Horror of the Deep, Greek,"Ranged,Magical", Mage,High Area Damage,Easy,"March 5, 2014","5,500",200,Scylla voicelines,Carrie Savage,365,75,298,56,355,0,55,0,1,0.80%,34,1.45, 20% of Magical Power,None,9,2.6,30,0.9,6,0.45,4.9,0.4,440,590,740,1115,1865,354,466,578,858,1418,11.6,16.8,22,35,61,30.9,32.7,34.5,39,48,5.3,6.1,6.9,8.9,12.9,6.45,7.35,8.25,10.5,15,35.45,38.35,41.25,48.5,63,1.008,1.024,1.04,1.08,1.16
88,Serqet,Goddess of Venom, Egyptian,"Melee,Physical", Assassin,"High Single Target Damage, High Mobility",Average,"July 15, 2014","5,500",200,Serqet voicelines,Kristin Sutton,400,74,240,40,370,0,12,0,1,2.16%,39,2.25, 100% of Physical Power,1/.75/1.25x damage,14,2.9,30,0.9,9,0.7,4.3,0.29,474,622,770,1140,1880,280,360,440,640,1040,16.9,22.7,28.5,43,72,30.9,32.7,34.5,39,48,4.59,5.17,5.75,7.2,10.1,9.7,11.1,12.5,16,23,41.25,45.75,50.25,61.5,84,1.0216,1.0648,1.108,1.216,1.432
89,Set,The Usurper, Egyptian,"Melee,Physical", Assassin,High Single Target Damage,Average,"April 30, 2019","5,500",200,Set voicelines,Chris Tergliafera,435,75,210,38,375,0,12,0,1,1.90%,39,2.3, 100% of Physical Power,None,13,2.9,30,0.9,9,0.7,4.2,0.38,510,660,810,1185,1935,248,324,400,590,970,15.9,21.7,27.5,42,71,30.9,32.7,34.5,39,48,4.58,5.34,6.1,8,11.8,9.7,11.1,12.5,16,23,41.3,45.9,50.5,62,85,1.019,1.057,1.095,1.19,1.38
90,Skadi,Goddess of Winter, Norse,"Ranged,Physical", Hunter,"High Crowd Control, Pusher",Hard,"March 15, 2016","5,500",200,Skadi voicelines,Martha Harms,470,78,220,35,375,0,55,0,0.95,1.60%,35,2.5, 100% of Physical Power,None,11,2.8,30,0.9,8,0.69,4.5,0.32,548,704,860,1250,2030,255,325,395,570,920,13.8,19.4,25,39,67,30.9,32.7,34.5,39,48,4.82,5.46,6.1,7.7,10.9,8.69,10.07,11.45,14.9,21.8,37.5,42.5,47.5,60,85,0.9652,0.9956,1.026,1.102,1.254
91,Sobek,God of the Nile, Egyptian,"Melee,Magical", Guardian,"High Crowd Control, High Defense",Easy,"May 31, 2012","5,500",200,Sobek voicelines,Brandon Potter,490,95,210,35,365,0,12,0,0.85,1.40%,38,1.5, 20% of Magical Power,None,19,3,30,0.9,6,0.75,4.5,0.43,585,775,965,1440,2390,245,315,385,560,910,22,28,34,49,79,30.9,32.7,34.5,39,48,4.93,5.79,6.65,8.8,13.1,6.75,8.25,9.75,13.5,21,39.5,42.5,45.5,53,68,0.8619,0.8857,0.9095,0.969,1.088
92,Sol,Goddess of the Sun, Norse,"Ranged,Magical", Mage,"High Single Target Damage, High Mobility",Hard,"October 6, 2015","5,500",200,Sol voicelines,Jeannie Tirado,400,75,300,57,370,0,55,0,1,1.80%,34,1.45, 20% of Magical Power,None,9,2.6,30,0.9,6,0.45,4.9,0.4,475,625,775,1150,1900,357,471,585,870,1440,11.6,16.8,22,35,61,30.9,32.7,34.5,39,48,5.3,6.1,6.9,8.9,12.9,6.45,7.35,8.25,10.5,15,35.45,38.35,41.25,48.5,63,1.018,1.054,1.09,1.18,1.36
93,Sun_Wukong,The Monkey King, Chinese,"Melee,Physical", Warrior,"High Defense, High Mobility",Average,"October 23, 2013","5,500",200,Sun Wukong voicelines,Sean Schemmel,480,85,205,35,370,0,12,0,1,0.90%,39,2, 100% of Physical Power,1/.75/1/1.25x damage,18,3,30,0.9,8,0.8,4.3,0.38,565,735,905,1330,2180,240,310,380,555,905,21,27,33,48,78,30.9,32.7,34.5,39,48,4.68,5.44,6.2,8.1,11.9,8.8,10.4,12,16,24,41,45,49,59,79,1.009,1.027,1.045,1.09,1.18
94,Susano,God of the Summer Storm, Japanese,"Melee,Physical", Assassin,"High Crowd Control, High Mobility",Hard,"May 10, 2016","5,500",200,Susano voicelines,Jim Foronda,435,76,225,38,370,0,12,0,1,2.16%,38,2.2, 100% of Physical Power,1/1/1.25x damage and swing time,14,2.9,30,0.9,9,0.7,4.2,0.27,511,663,815,1195,1955,263,339,415,605,985,16.9,22.7,28.5,43,72,30.9,32.7,34.5,39,48,4.47,5.01,5.55,6.9,9.6,9.7,11.1,12.5,16,23,40.2,44.6,49,60,82,1.0216,1.0648,1.108,1.216,1.432
95,Sylvanus,Keeper of the Wild, Roman,"Ranged,Magical", Guardian,"High Crowd Control, High Sustain",Average,"October 1, 2014","5,500",200,Sylvanus voicelines,Sylvanus: Bob ReedGrover: Christopher Sabat,510,90,190,34,365,0,40,0,0.85,0.60%,35,1.5, 20% of Magical Power,None,19,3,30,0.9,8,0.8,4.6,0.4,600,780,960,1410,2310,224,292,360,530,870,22,28,34,49,79,30.9,32.7,34.5,39,48,5,5.8,6.6,8.6,12.6,8.8,10.4,12,16,24,36.5,39.5,42.5,50,65,0.8551,0.8653,0.8755,0.901,0.952
96,Terra,The Earth Mother, Roman,"Melee,Magical", Guardian,"High Sustain, High Area Damage",Hard,"August 2, 2016","5,500",200,Terra voicelines,Erica Lindbeck,500,95,200,35,365,0,12,0,0.9,1.40%,38,1.55, 20% of Magical Power,1/1/1/1x damage and swing time,20,3.2,30,0.9,8,0.8,4.6,0.4,595,785,975,1450,2400,235,305,375,550,900,23.2,29.6,36,52,84,30.9,32.7,34.5,39,48,5,5.8,6.6,8.6,12.6,8.8,10.4,12,16,24,39.55,42.65,45.75,53.5,69,0.9126,0.9378,0.963,1.026,1.152
97,Thanatos,Hand of Death, Greek,"Melee,Physical", Assassin,High Sustain,Average,"September 18, 2013","5,500",200,Thanatos voicelines,Scott Freeman,390,75,240,38,370,0,12,0,1,1.70%,39,2.3, 100% of Physical Power,"1/.75/1.5x damage and swing time, hitting in an AoE on the final blow",14,2.9,30,0.9,8,0.67,4.4,0.38,465,615,765,1140,1890,278,354,430,620,1000,16.9,22.7,28.5,43,72,30.9,32.7,34.5,39,48,4.78,5.54,6.3,8.2,12,8.67,10.01,11.35,14.7,21.4,41.3,45.9,50.5,62,85,1.017,1.051,1.085,1.17,1.34
98,The_Morrigan,Phantom Queen, Celtic,"Ranged,Magical", Mage,High Area Damage,Very Hard,"January 10, 2017","5,500",200,The Morrigan voicelines,Elizabeth Maxwell,400,75,250,38,365,0,55,0,0.87,1%,34,2.4, 20% of Magical Power,1/1/1x damage and swing time; 3rd attack hits all enemies in a 10 unit area,12,3,30,0.9,10,0.7,4.5,0.4,475,625,775,1150,1900,288,364,440,630,1010,15,21,27,42,72,30,30,30,30,30,4.9,5.7,6.5,8.5,12.5,10.7,12.1,13.5,17,24,36.4,41.2,46,58,82,0.8787,0.8961,0.9135,0.957,1.044
99,Thor,God of Thunder, Norse,"Melee,Physical", Assassin,"High Single Target Damage, Medium Crowd Control",Hard,"September 6, 2012",(Free) 0 ,(Free) 0 ,Thor voicelines,Bruce DuBose,475,76,240,38,370,0,12,0,1,1.45%,39,2.4, 100% of Physical Power,None,14,2.9,30,0.9,9,0.69,4.4,0.29,551,703,855,1235,1995,278,354,430,620,1000,16.9,22.7,28.5,43,72,30.9,32.7,34.5,39,48,4.69,5.27,5.85,7.3,10.2,9.69,11.07,12.45,15.9,22.8,41.4,46.2,51,63,87,1.0145,1.0435,1.0725,1.145,1.29
100,Thoth,Arbiter of the Damned, Egyptian,"Ranged,Magical", Mage,High Area Damage,Average,"November 8, 2016","5,500",200,Thoth voicelines,Chris Guerrero,365,75,245,49,355,0,55,0,1,1.20%,32,1.5, 20% of Magical Power,None,9,2.6,30,0.9,6,0.45,4.6,0.44,440,590,740,1115,1865,294,392,490,735,1225,11.6,16.8,22,35,61,30.9,32.7,34.5,39,48,5.04,5.92,6.8,9,13.4,6.45,7.35,8.25,10.5,15,33.5,36.5,39.5,47,62,1.012,1.036,1.06,1.12,1.24
101,Tsukuyomi,God of the Moon, Japanese,"Melee,Physical", Assassin,High Single Target Damage,Average,"August 11, 2020","5,500",200,Tsukuyomi voicelines,,455,78,205,35,375,0,12,0,1,1.30%,35,2.4, 100% of Physical Power,None,13,2.8,30,0.9,8,0.68,4.5,0.46,533,689,845,1235,2015,240,310,380,555,905,15.8,21.4,27,41,69,30.9,32.7,34.5,39,48,4.96,5.88,6.8,9.1,13.7,8.68,10.04,11.4,14.8,21.6,37.4,42.2,47,59,83,1.013,1.039,1.065,1.13,1.26
102,Tyr,The Lawgiver, Norse,"Melee,Physical", Warrior,"High Defense, Medium Crowd Control",Hard,"August 7, 2013","5,500",200,Tyr voicelines,Ian Sinclair,485,83,230,40,375,0,12,0,1,0.90%,39,2, 100% of Physical Power,1/.5/1.5x damage,18,3,30,0.9,8,0.72,4.4,0.29,568,734,900,1315,2145,270,350,430,630,1030,21,27,33,48,78,30.9,32.7,34.5,39,48,4.69,5.27,5.85,7.3,10.2,8.72,10.16,11.6,15.2,22.4,41,45,49,59,79,1.009,1.027,1.045,1.09,1.18
103,Ullr,The Glorious One, Norse,"Ranged,Physical", Hunter,High Sustain,Hard,"March 19, 2014","5,500",200,Ullr voicelines,Bill Jenkins,480,80,230,40,360,0,55,0,0.95,1.50%,38,2.4, 100% of Physical Power,None,13,3,30,0.9,8,0.71,4.4,0.38,560,720,880,1280,2080,270,350,430,630,1030,16,22,28,43,73,30.9,32.7,34.5,39,48,4.78,5.54,6.3,8.2,12,8.71,10.13,11.55,15.1,22.2,40.4,45.2,50,62,86,0.96425,0.99275,1.02125,1.0925,1.235
104,Vamana,Fifth Avatar of Vishnu, Hindu,"Melee,Physical", Warrior,"High Defense, High Sustain",Average,"May 31, 2012","5,500",200,Vamana voicelines,Sean Chiplock,490,88,200,39,375,0,12,0,0.9,1.40%,37,2, 100% of Physical Power,None,18,2.9,30,0.9,8,0.5,4.7,0.41,578,754,930,1370,2250,239,317,395,590,980,20.9,26.7,32.5,47,76,30.9,32.7,34.5,39,48,5.11,5.93,6.75,8.8,12.9,8.5,9.5,10.5,13,18,39,43,47,57,77,0.9126,0.9378,0.963,1.026,1.152
105,Vulcan,Smith of the Gods, Roman,"Ranged,Magical", Mage,"Pusher, High Area Damage",Average,"January 30, 2013","5,500",200,Vulcan voicelines,Rick Robertson,380,71,245,40,360,0,55,0,0.9,1.10%,34,1.5, 20% of Magical Power,None,13,3,30,0.9,7,0.48,4.8,0.45,451,593,735,1090,1800,285,365,445,645,1045,16,22,28,43,73,30.9,32.7,34.5,39,48,5.25,6.15,7.05,9.3,13.8,7.48,8.44,9.4,11.8,16.6,35.5,38.5,41.5,49,64,0.9099,0.9297,0.9495,0.999,1.098
106,Xbalanque,Hidden Jaguar Sun, Mayan,"Ranged,Physical", Hunter,"High Single Target Damage, Medium Area Damage",Average,"December 21, 2012","5,500",200,Xbalanque voicelines,Josh Grelle,455,75,220,37,365,0,55,0,0.95,1%,37,2.5, 100% of Physical Power,None,12,2.9,30,0.9,8,0.68,4.4,0.4,530,680,830,1205,1955,257,331,405,590,960,14.9,20.7,26.5,41,70,30.9,32.7,34.5,39,48,4.8,5.6,6.4,8.4,12.4,8.68,10.04,11.4,14.8,21.6,39.5,44.5,49.5,62,87,0.9595,0.9785,0.9975,1.045,1.14
107,Xing_Tian,The Relentless, Chinese,"Melee,Magical", Guardian,High Crowd Control,Average,"September 1, 2015","5,500",200,Xing Tian voicelines,Leo Fabian,495,90,200,40,360,0,12,0,0.9,1.20%,35,1.55, 20% of Magical Power,1/1/1/1x damage and swing time,21,3.4,30,0.9,5,0.54,4.5,0.45,585,765,945,1395,2295,240,320,400,600,1000,24.4,31.2,38,55,89,30.9,32.7,34.5,39,48,4.95,5.85,6.75,9,13.5,5.54,6.62,7.7,10.4,15.8,36.55,39.65,42.75,50.5,66,0.9108,0.9324,0.954,1.008,1.116
108,Yemoja,Goddess of Rivers, Yoruba,"Ranged,Magical", Guardian,High Sustain,Average,"October 15, 2019","5,500",200,Yemoja voicelines,Cassie Ewulu,490,95,0,0,365,0,55,0,1,1.20%,34,1.5, 20% of Magical Power,Projectile hits allies in a larger radius and passes through them,19,3,30,0.9,6,0.7,0,0,585,775,965,1440,2390,0,0,0,0,0,22,28,34,49,79,30.9,32.7,34.5,39,48,0,0,0,0,0,6.7,8.1,9.5,13,20,35.5,38.5,41.5,49,64,1.012,1.036,1.06,1.12,1.24
109,Ymir,Father of the Frost Giants, Norse,"Melee,Magical", Guardian,"High Crowd Control, High Defense",Easy,"May 31, 2012",(Free) 0 ,(Free) 0 ,Ymir voicelines,Charles Campbell,510,104,200,32,370,0,12,0,0.85,1.20%,38,1.55, 20% of Magical Power,None,23,3.3,30,0.9,8,0.9,4.5,0.4,614,822,1030,1550,2590,232,296,360,520,840,26.3,32.9,39.5,56,89,30.9,32.7,34.5,39,48,4.9,5.7,6.5,8.5,12.5,8.9,10.7,12.5,17,26,39.55,42.65,45.75,53.5,69,0.8602,0.8806,0.901,0.952,1.054
110,Zeus,God of the Sky, Greek,"Ranged,Magical", Mage,High Area Damage,Average,"May 31, 2012","5,500",200,Zeus voicelines,Christopher Sabat,380,71,245,44,360,0,55,0,0.95,0.99%,35,1.5, 20% of Magical Power,None,8,2.7,30,0.9,6,0.45,4.6,0.45,451,593,735,1090,1800,289,377,465,685,1125,10.7,16.1,21.5,35,62,30.9,32.7,34.5,39,48,5.05,5.95,6.85,9.1,13.6,6.45,7.35,8.25,10.5,15,36.5,39.5,42.5,50,65,0.959405,0.978215,0.997025,1.04405,1.1381
111,Zhong_Kui,The Demon Queller, Chinese,"Ranged,Magical", Mage,"Medium Crowd Control, High Area Damage",Easy,"August 28, 2013","5,500",200,Zhong Kui voicelines,Daniel Penz,450,85,250,47,360,0,55,0,0.86,1%,33,1.5, 20% of Magical Power,None,8,2.6,30,0.9,6,0.44,4.8,0.45,535,705,875,1300,2150,297,391,485,720,1190,10.6,15.8,21,34,60,30.9,32.7,34.5,39,48,5.25,6.15,7.05,9.3,13.8,6.44,7.32,8.2,10.4,14.8,34.5,37.5,40.5,48,63,0.8686,0.8858,0.903,0.946,1.032
